{
	"credit": "Made by Gwiilo",
	"parent": "block/block",
	"textures": {
		"5": "block/oak_log",
		"bottom": "block/dirt",
		"particle": "block/dirt",
		"top": "block/grass_block_top",
		"side": "block/grass_block_side",
		"overlay": "block/grass_block_side_overlay"
	},
	"elements": [
		{
			"from": [0, 0, 0],
			"to": [16, 16, 16],
			"faces": {
				"north": {"uv": [0, 0, 16, 16], "texture": "#side", "cullface": "north"},
				"east": {"uv": [0, 0, 16, 16], "texture": "#side", "cullface": "east"},
				"south": {"uv": [0, 0, 16, 16], "texture": "#side", "cullface": "south"},
				"west": {"uv": [0, 0, 16, 16], "texture": "#side", "cullface": "west"},
				"up": {"uv": [0, 0, 16, 16], "texture": "#top", "cullface": "up", "tintindex": 0},
				"down": {"uv": [0, 0, 16, 16], "texture": "#bottom", "cullface": "down"}
			}
		},
		{
			"from": [0, 0, 0],
			"to": [16, 16, 16],
			"faces": {
				"north": {"uv": [0, 0, 16, 16], "texture": "#overlay", "cullface": "north", "tintindex": 0},
				"east": {"uv": [0, 0, 16, 16], "texture": "#overlay", "cullface": "east", "tintindex": 0},
				"south": {"uv": [0, 0, 16, 16], "texture": "#overlay", "cullface": "south", "tintindex": 0},
				"west": {"uv": [0, 0, 16, 16], "texture": "#overlay", "cullface": "west", "tintindex": 0}
			}
		},
		{
			"from": [4, 16, 7],
			"to": [8, 17, 8],
			"faces": {
				"north": {"uv": [15, 0, 16, 4], "texture": "#5"},
				"east": {"uv": [0, 0, 1, 1], "texture": "#5"},
				"south": {"uv": [15, 0, 16, 4], "texture": "#5"},
				"west": {"uv": [0, 0, 1, 1], "texture": "#5"},
				"up": {"uv": [1, 0, 2, 4], "rotation": 90, "texture": "#5"},
				"down": {"uv": [1, 0, 2, 4], "rotation": 90, "texture": "#5"}
			}
		},
		{
			"from": [8, 16, 6],
			"to": [9, 17, 7],
			"faces": {
				"north": {"uv": [15, 0, 16, 1], "texture": "#5"},
				"east": {"uv": [1, 1, 2, 2], "texture": "#5"},
				"south": {"uv": [6, 9, 7, 10], "texture": "#5"},
				"west": {"uv": [1, 4, 2, 5], "texture": "#5"},
				"up": {"uv": [1, 0, 2, 1], "rotation": 90, "texture": "#5"},
				"down": {"uv": [1, 3, 2, 4], "rotation": 90, "texture": "#5"}
			}
		}
	],
	"groups": [
		{
			"name": "grass_block",
			"children": [0, 1]
		},
		{
			"name": "stick",
			"children": [2, 3]
		}
	]
}